model,curve,x,y
DG-Hetero-GNN,PR,1.0,0.5555555555555556
DG-Hetero-GNN,PR,1.0,0.5681818181818182
DG-Hetero-GNN,PR,1.0,0.5813953488372093
DG-Hetero-GNN,PR,0.96,0.5714285714285714
DG-Hetero-GNN,PR,0.96,0.5853658536585366
DG-Hetero-GNN,PR,0.92,0.575
DG-Hetero-GNN,PR,0.92,0.5897435897435898
DG-Hetero-GNN,PR,0.92,0.6052631578947368
DG-Hetero-GNN,PR,0.88,0.5945945945945946
DG-Hetero-GNN,PR,0.88,0.6111111111111112
DG-Hetero-GNN,PR,0.88,0.6285714285714286
DG-Hetero-GNN,PR,0.88,0.6470588235294118
DG-Hetero-GNN,PR,0.88,0.6666666666666666
DG-Hetero-GNN,PR,0.84,0.65625
DG-Hetero-GNN,PR,0.8,0.6451612903225806
DG-Hetero-GNN,PR,0.8,0.6666666666666666
DG-Hetero-GNN,PR,0.8,0.6896551724137931
DG-Hetero-GNN,PR,0.76,0.6785714285714286
DG-Hetero-GNN,PR,0.72,0.6666666666666666
DG-Hetero-GNN,PR,0.68,0.6538461538461539
DG-Hetero-GNN,PR,0.64,0.64
DG-Hetero-GNN,PR,0.64,0.6666666666666666
DG-Hetero-GNN,PR,0.64,0.6956521739130435
DG-Hetero-GNN,PR,0.64,0.7272727272727273
DG-Hetero-GNN,PR,0.6,0.7142857142857143
DG-Hetero-GNN,PR,0.56,0.7
DG-Hetero-GNN,PR,0.56,0.7368421052631579
DG-Hetero-GNN,PR,0.52,0.7222222222222222
DG-Hetero-GNN,PR,0.48,0.7058823529411765
DG-Hetero-GNN,PR,0.48,0.75
DG-Hetero-GNN,PR,0.48,0.8
DG-Hetero-GNN,PR,0.44,0.7857142857142857
DG-Hetero-GNN,PR,0.44,0.8461538461538461
DG-Hetero-GNN,PR,0.4,0.8333333333333334
DG-Hetero-GNN,PR,0.36,0.8181818181818182
DG-Hetero-GNN,PR,0.32,0.8
DG-Hetero-GNN,PR,0.32,0.8888888888888888
DG-Hetero-GNN,PR,0.28,0.875
DG-Hetero-GNN,PR,0.24,0.8571428571428571
DG-Hetero-GNN,PR,0.2,0.8333333333333334
DG-Hetero-GNN,PR,0.16,0.8
DG-Hetero-GNN,PR,0.12,0.75
DG-Hetero-GNN,PR,0.08,0.6666666666666666
DG-Hetero-GNN,PR,0.04,0.5
DG-Hetero-GNN,PR,0.04,1.0
DG-Hetero-GNN,PR,0.0,1.0
DG-Hetero-GNN,ROC,0.0,0.0
DG-Hetero-GNN,ROC,0.0,0.04
DG-Hetero-GNN,ROC,0.05,0.04
DG-Hetero-GNN,ROC,0.05,0.32
DG-Hetero-GNN,ROC,0.1,0.32
DG-Hetero-GNN,ROC,0.1,0.44
DG-Hetero-GNN,ROC,0.15,0.44
DG-Hetero-GNN,ROC,0.15,0.48
DG-Hetero-GNN,ROC,0.25,0.48
DG-Hetero-GNN,ROC,0.25,0.56
DG-Hetero-GNN,ROC,0.3,0.56
DG-Hetero-GNN,ROC,0.3,0.64
DG-Hetero-GNN,ROC,0.45,0.64
DG-Hetero-GNN,ROC,0.45,0.8
DG-Hetero-GNN,ROC,0.55,0.8
DG-Hetero-GNN,ROC,0.55,0.88
DG-Hetero-GNN,ROC,0.75,0.88
DG-Hetero-GNN,ROC,0.75,0.92
DG-Hetero-GNN,ROC,0.85,0.92
DG-Hetero-GNN,ROC,0.85,0.96
DG-Hetero-GNN,ROC,0.9,0.96
DG-Hetero-GNN,ROC,0.9,1.0
DG-Hetero-GNN,ROC,1.0,1.0
GAT,PR,1.0,0.5555555555555556
GAT,PR,0.96,0.5454545454545454
GAT,PR,0.92,0.5348837209302325
GAT,PR,0.88,0.5238095238095238
GAT,PR,0.84,0.5121951219512195
GAT,PR,0.8,0.5
GAT,PR,0.76,0.48717948717948717
GAT,PR,0.72,0.47368421052631576
GAT,PR,0.72,0.4864864864864865
GAT,PR,0.68,0.4722222222222222
GAT,PR,0.64,0.45714285714285713
GAT,PR,0.6,0.4411764705882353
GAT,PR,0.56,0.42424242424242425
GAT,PR,0.56,0.4375
GAT,PR,0.52,0.41935483870967744
GAT,PR,0.52,0.43333333333333335
GAT,PR,0.48,0.41379310344827586
GAT,PR,0.44,0.39285714285714285
GAT,PR,0.4,0.37037037037037035
GAT,PR,0.4,0.38461538461538464
GAT,PR,0.4,0.4
GAT,PR,0.36,0.375
GAT,PR,0.36,0.391304347826087
GAT,PR,0.36,0.4090909090909091
GAT,PR,0.36,0.42857142857142855
GAT,PR,0.36,0.45
GAT,PR,0.32,0.42105263157894735
GAT,PR,0.32,0.4444444444444444
GAT,PR,0.28,0.4117647058823529
GAT,PR,0.28,0.4375
GAT,PR,0.28,0.4666666666666667
GAT,PR,0.28,0.5
GAT,PR,0.24,0.46153846153846156
GAT,PR,0.2,0.4166666666666667
GAT,PR,0.2,0.45454545454545453
GAT,PR,0.16,0.4
GAT,PR,0.12,0.3333333333333333
GAT,PR,0.12,0.375
GAT,PR,0.08,0.2857142857142857
GAT,PR,0.08,0.3333333333333333
GAT,PR,0.08,0.4
GAT,PR,0.08,0.5
GAT,PR,0.08,0.6666666666666666
GAT,PR,0.04,0.5
GAT,PR,0.0,0.0
GAT,PR,0.0,1.0
GAT,ROC,0.0,0.0
GAT,ROC,0.05,0.0
GAT,ROC,0.05,0.08
GAT,ROC,0.25,0.08
GAT,ROC,0.25,0.12
GAT,ROC,0.3,0.12
GAT,ROC,0.3,0.2
GAT,ROC,0.35,0.2
GAT,ROC,0.35,0.28
GAT,ROC,0.5,0.28
GAT,ROC,0.5,0.32
GAT,ROC,0.55,0.32
GAT,ROC,0.55,0.36
GAT,ROC,0.75,0.36
GAT,ROC,0.75,0.4
GAT,ROC,0.85,0.4
GAT,ROC,0.85,0.52
GAT,ROC,0.9,0.52
GAT,ROC,0.9,0.56
GAT,ROC,0.95,0.56
GAT,ROC,0.95,0.72
GAT,ROC,1.0,0.72
GAT,ROC,1.0,1.0
GCN,PR,1.0,0.5555555555555556
GCN,PR,1.0,0.5681818181818182
GCN,PR,1.0,0.5813953488372093
GCN,PR,1.0,0.5952380952380952
GCN,PR,0.96,0.5853658536585366
GCN,PR,0.92,0.575
GCN,PR,0.92,0.5897435897435898
GCN,PR,0.88,0.5789473684210527
GCN,PR,0.84,0.5675675675675675
GCN,PR,0.84,0.5833333333333334
GCN,PR,0.84,0.6
GCN,PR,0.84,0.6176470588235294
GCN,PR,0.8,0.6060606060606061
GCN,PR,0.76,0.59375
GCN,PR,0.72,0.5806451612903226
GCN,PR,0.68,0.5666666666666667
GCN,PR,0.68,0.5862068965517241
GCN,PR,0.64,0.5714285714285714
GCN,PR,0.6,0.5555555555555556
GCN,PR,0.6,0.5769230769230769
GCN,PR,0.56,0.56
GCN,PR,0.52,0.5416666666666666
GCN,PR,0.48,0.5217391304347826
GCN,PR,0.48,0.5454545454545454
GCN,PR,0.44,0.5238095238095238
GCN,PR,0.4,0.5
GCN,PR,0.4,0.5263157894736842
GCN,PR,0.4,0.5555555555555556
GCN,PR,0.4,0.5882352941176471
GCN,PR,0.4,0.625
GCN,PR,0.36,0.6
GCN,PR,0.32,0.5714285714285714
GCN,PR,0.28,0.5384615384615384
GCN,PR,0.28,0.5833333333333334
GCN,PR,0.24,0.5454545454545454
GCN,PR,0.2,0.5
GCN,PR,0.16,0.4444444444444444
GCN,PR,0.16,0.5
GCN,PR,0.12,0.42857142857142855
GCN,PR,0.08,0.3333333333333333
GCN,PR,0.08,0.4
GCN,PR,0.08,0.5
GCN,PR,0.04,0.3333333333333333
GCN,PR,0.04,0.5
GCN,PR,0.04,1.0
GCN,PR,0.0,1.0
GCN,ROC,0.0,0.0
GCN,ROC,0.0,0.04
GCN,ROC,0.1,0.04
GCN,ROC,0.1,0.08
GCN,ROC,0.2,0.08
GCN,ROC,0.2,0.16
GCN,ROC,0.25,0.16
GCN,ROC,0.25,0.28
GCN,ROC,0.3,0.28
GCN,ROC,0.3,0.4
GCN,ROC,0.5,0.4
GCN,ROC,0.5,0.48
GCN,ROC,0.55,0.48
GCN,ROC,0.55,0.6
GCN,ROC,0.6,0.6
GCN,ROC,0.6,0.68
GCN,ROC,0.65,0.68
GCN,ROC,0.65,0.84
GCN,ROC,0.8,0.84
GCN,ROC,0.8,0.92
GCN,ROC,0.85,0.92
GCN,ROC,0.85,1.0
GCN,ROC,1.0,1.0
GraphSAGE,PR,1.0,0.5555555555555556
GraphSAGE,PR,1.0,0.5681818181818182
GraphSAGE,PR,0.96,0.5581395348837209
GraphSAGE,PR,0.92,0.5476190476190477
GraphSAGE,PR,0.88,0.5365853658536586
GraphSAGE,PR,0.84,0.525
GraphSAGE,PR,0.8,0.5128205128205128
GraphSAGE,PR,0.76,0.5
GraphSAGE,PR,0.72,0.4864864864864865
GraphSAGE,PR,0.72,0.5
GraphSAGE,PR,0.68,0.4857142857142857
GraphSAGE,PR,0.64,0.47058823529411764
GraphSAGE,PR,0.6,0.45454545454545453
GraphSAGE,PR,0.6,0.46875
GraphSAGE,PR,0.56,0.45161290322580644
GraphSAGE,PR,0.52,0.43333333333333335
GraphSAGE,PR,0.48,0.41379310344827586
GraphSAGE,PR,0.48,0.42857142857142855
GraphSAGE,PR,0.48,0.4444444444444444
GraphSAGE,PR,0.44,0.4230769230769231
GraphSAGE,PR,0.4,0.4
GraphSAGE,PR,0.36,0.375
GraphSAGE,PR,0.36,0.391304347826087
GraphSAGE,PR,0.32,0.36363636363636365
GraphSAGE,PR,0.32,0.38095238095238093
GraphSAGE,PR,0.32,0.4
GraphSAGE,PR,0.28,0.3684210526315789
GraphSAGE,PR,0.24,0.3333333333333333
GraphSAGE,PR,0.24,0.35294117647058826
GraphSAGE,PR,0.2,0.3125
GraphSAGE,PR,0.2,0.3333333333333333
GraphSAGE,PR,0.16,0.2857142857142857
GraphSAGE,PR,0.12,0.23076923076923078
GraphSAGE,PR,0.12,0.25
GraphSAGE,PR,0.12,0.2727272727272727
GraphSAGE,PR,0.12,0.3
GraphSAGE,PR,0.12,0.3333333333333333
GraphSAGE,PR,0.12,0.375
GraphSAGE,PR,0.08,0.2857142857142857
GraphSAGE,PR,0.04,0.16666666666666666
GraphSAGE,PR,0.04,0.2
GraphSAGE,PR,0.04,0.25
GraphSAGE,PR,0.04,0.3333333333333333
GraphSAGE,PR,0.04,0.5
GraphSAGE,PR,0.0,0.0
GraphSAGE,PR,0.0,1.0
GraphSAGE,ROC,0.0,0.0
GraphSAGE,ROC,0.05,0.0
GraphSAGE,ROC,0.05,0.04
GraphSAGE,ROC,0.25,0.04
GraphSAGE,ROC,0.25,0.12
GraphSAGE,ROC,0.5,0.12
GraphSAGE,ROC,0.5,0.2
GraphSAGE,ROC,0.55,0.2
GraphSAGE,ROC,0.55,0.24
GraphSAGE,ROC,0.6,0.24
GraphSAGE,ROC,0.6,0.32
GraphSAGE,ROC,0.7,0.32
GraphSAGE,ROC,0.7,0.36
GraphSAGE,ROC,0.75,0.36
GraphSAGE,ROC,0.75,0.48
GraphSAGE,ROC,0.85,0.48
GraphSAGE,ROC,0.85,0.6
GraphSAGE,ROC,0.9,0.6
GraphSAGE,ROC,0.9,0.72
GraphSAGE,ROC,0.95,0.72
GraphSAGE,ROC,0.95,1.0
GraphSAGE,ROC,1.0,1.0
HeteroGraphSAGE,PR,1.0,0.5555555555555556
HeteroGraphSAGE,PR,1.0,0.5681818181818182
HeteroGraphSAGE,PR,1.0,0.5813953488372093
HeteroGraphSAGE,PR,1.0,0.5952380952380952
HeteroGraphSAGE,PR,1.0,0.6097560975609756
HeteroGraphSAGE,PR,0.96,0.6
HeteroGraphSAGE,PR,0.96,0.6153846153846154
HeteroGraphSAGE,PR,0.92,0.6052631578947368
HeteroGraphSAGE,PR,0.88,0.5945945945945946
HeteroGraphSAGE,PR,0.84,0.5833333333333334
HeteroGraphSAGE,PR,0.84,0.6
HeteroGraphSAGE,PR,0.84,0.6176470588235294
HeteroGraphSAGE,PR,0.84,0.6363636363636364
HeteroGraphSAGE,PR,0.8,0.625
HeteroGraphSAGE,PR,0.76,0.6129032258064516
HeteroGraphSAGE,PR,0.72,0.6
HeteroGraphSAGE,PR,0.72,0.6206896551724138
HeteroGraphSAGE,PR,0.72,0.6428571428571429
HeteroGraphSAGE,PR,0.72,0.6666666666666666
HeteroGraphSAGE,PR,0.72,0.6923076923076923
HeteroGraphSAGE,PR,0.72,0.72
HeteroGraphSAGE,PR,0.68,0.7083333333333334
HeteroGraphSAGE,PR,0.68,0.7391304347826086
HeteroGraphSAGE,PR,0.64,0.7272727272727273
HeteroGraphSAGE,PR,0.6,0.7142857142857143
HeteroGraphSAGE,PR,0.56,0.7
HeteroGraphSAGE,PR,0.52,0.6842105263157895
HeteroGraphSAGE,PR,0.52,0.7222222222222222
HeteroGraphSAGE,PR,0.48,0.7058823529411765
HeteroGraphSAGE,PR,0.44,0.6875
HeteroGraphSAGE,PR,0.4,0.6666666666666666
HeteroGraphSAGE,PR,0.36,0.6428571428571429
HeteroGraphSAGE,PR,0.36,0.6923076923076923
HeteroGraphSAGE,PR,0.32,0.6666666666666666
HeteroGraphSAGE,PR,0.28,0.6363636363636364
HeteroGraphSAGE,PR,0.28,0.7
HeteroGraphSAGE,PR,0.28,0.7777777777777778
HeteroGraphSAGE,PR,0.24,0.75
HeteroGraphSAGE,PR,0.2,0.7142857142857143
HeteroGraphSAGE,PR,0.2,0.8333333333333334
HeteroGraphSAGE,PR,0.16,0.8
HeteroGraphSAGE,PR,0.12,0.75
HeteroGraphSAGE,PR,0.08,0.6666666666666666
HeteroGraphSAGE,PR,0.04,0.5
HeteroGraphSAGE,PR,0.0,0.0
HeteroGraphSAGE,PR,0.0,1.0
HeteroGraphSAGE,ROC,0.0,0.0
HeteroGraphSAGE,ROC,0.05,0.0
HeteroGraphSAGE,ROC,0.05,0.2
HeteroGraphSAGE,ROC,0.1,0.2
HeteroGraphSAGE,ROC,0.1,0.28
HeteroGraphSAGE,ROC,0.2,0.28
HeteroGraphSAGE,ROC,0.2,0.36
HeteroGraphSAGE,ROC,0.25,0.36
HeteroGraphSAGE,ROC,0.25,0.52
HeteroGraphSAGE,ROC,0.3,0.52
HeteroGraphSAGE,ROC,0.3,0.68
HeteroGraphSAGE,ROC,0.35,0.68
HeteroGraphSAGE,ROC,0.35,0.72
HeteroGraphSAGE,ROC,0.6,0.72
HeteroGraphSAGE,ROC,0.6,0.84
HeteroGraphSAGE,ROC,0.75,0.84
HeteroGraphSAGE,ROC,0.75,0.96
HeteroGraphSAGE,ROC,0.8,0.96
HeteroGraphSAGE,ROC,0.8,1.0
HeteroGraphSAGE,ROC,1.0,1.0
MLP,PR,1.0,0.5555555555555556
MLP,PR,0.96,0.5454545454545454
MLP,PR,0.92,0.5348837209302325
MLP,PR,0.88,0.5238095238095238
MLP,PR,0.88,0.5365853658536586
MLP,PR,0.88,0.55
MLP,PR,0.88,0.5641025641025641
MLP,PR,0.84,0.5526315789473685
MLP,PR,0.8,0.5405405405405406
MLP,PR,0.76,0.5277777777777778
MLP,PR,0.72,0.5142857142857142
MLP,PR,0.68,0.5
MLP,PR,0.64,0.48484848484848486
MLP,PR,0.64,0.5
MLP,PR,0.6,0.4838709677419355
MLP,PR,0.56,0.4666666666666667
MLP,PR,0.52,0.4482758620689655
MLP,PR,0.52,0.4642857142857143
MLP,PR,0.48,0.4444444444444444
MLP,PR,0.48,0.46153846153846156
MLP,PR,0.44,0.44
MLP,PR,0.4,0.4166666666666667
MLP,PR,0.36,0.391304347826087
MLP,PR,0.36,0.4090909090909091
MLP,PR,0.32,0.38095238095238093
MLP,PR,0.32,0.4
MLP,PR,0.28,0.3684210526315789
MLP,PR,0.24,0.3333333333333333
MLP,PR,0.24,0.35294117647058826
MLP,PR,0.24,0.375
MLP,PR,0.24,0.4
MLP,PR,0.2,0.35714285714285715
MLP,PR,0.16,0.3076923076923077
MLP,PR,0.16,0.3333333333333333
MLP,PR,0.16,0.36363636363636365
MLP,PR,0.16,0.4
MLP,PR,0.16,0.4444444444444444
MLP,PR,0.12,0.375
MLP,PR,0.08,0.2857142857142857
MLP,PR,0.08,0.3333333333333333
MLP,PR,0.04,0.2
MLP,PR,0.0,0.0
MLP,PR,0.0,0.0
MLP,PR,0.0,0.0
MLP,PR,0.0,0.0
MLP,PR,0.0,1.0
MLP,ROC,0.0,0.0
MLP,ROC,0.05,0.0
MLP,ROC,0.2,0.0
MLP,ROC,0.2,0.08
MLP,ROC,0.25,0.08
MLP,ROC,0.25,0.16
MLP,ROC,0.45,0.16
MLP,ROC,0.45,0.24
MLP,ROC,0.6,0.24
MLP,ROC,0.6,0.32
MLP,ROC,0.65,0.32
MLP,ROC,0.65,0.36
MLP,ROC,0.7,0.36
MLP,ROC,0.7,0.48
MLP,ROC,0.75,0.48
MLP,ROC,0.75,0.52
MLP,ROC,0.8,0.52
MLP,ROC,0.8,0.64
MLP,ROC,0.85,0.64
MLP,ROC,0.85,0.88
MLP,ROC,1.0,0.88
MLP,ROC,1.0,1.0
XGBoost,PR,1.0,0.5555555555555556
XGBoost,PR,0.8,0.5882352941176471
XGBoost,PR,0.76,0.6333333333333333
XGBoost,PR,0.72,0.6206896551724138
XGBoost,PR,0.68,0.6071428571428571
XGBoost,PR,0.64,0.5925925925925926
XGBoost,PR,0.52,0.5416666666666666
XGBoost,PR,0.52,0.5652173913043478
XGBoost,PR,0.44,0.6111111111111112
XGBoost,PR,0.36,0.5625
XGBoost,PR,0.32,0.6666666666666666
XGBoost,PR,0.12,1.0
XGBoost,PR,0.04,1.0
XGBoost,PR,0.0,1.0
XGBoost,ROC,0.0,0.0
XGBoost,ROC,0.0,0.04
XGBoost,ROC,0.0,0.12
XGBoost,ROC,0.2,0.32
XGBoost,ROC,0.35,0.36
XGBoost,ROC,0.35,0.44
XGBoost,ROC,0.5,0.52
XGBoost,ROC,0.55,0.52
XGBoost,ROC,0.55,0.64
XGBoost,ROC,0.55,0.76
XGBoost,ROC,0.7,0.8
XGBoost,ROC,1.0,1.0
